user_id,item_id,event_type
0,19,click
0,72,view
0,73,view
0,36,purchase
0,58,view
0,34,click
0,14,view
0,29,purchase
0,57,view
0,72,view
1,77,view
1,16,view
1,18,click
1,49,view
1,32,purchase
1,12,click
1,35,click
1,48,view
1,13,view
1,18,view
1,68,view
1,3,view
1,30,purchase
1,12,purchase
1,6,click
1,71,click
1,32,view
1,32,view
1,16,click
2,1,view
2,17,purchase
2,34,purchase
2,24,purchase
2,65,view
2,77,view
2,11,click
2,59,click
3,14,view
3,58,view
3,20,purchase
3,74,purchase
3,67,view
3,11,view
3,15,view
3,68,purchase
3,42,view
3,20,view
3,29,view
3,36,view
3,35,click
3,74,purchase
4,44,view
4,7,view
4,59,view
4,73,view
4,75,view
4,10,view
4,25,click
4,55,view
4,63,click
4,7,view
4,35,view
4,64,view
4,73,click
4,59,view
4,35,view
4,75,view
4,35,click
4,24,view
4,41,view
5,41,view
5,22,view
5,45,click
5,54,click
5,64,view
5,54,purchase
5,50,view
5,22,view
5,69,view
5,40,purchase
5,52,view
5,7,view
6,11,purchase
6,1,view
6,55,purchase
6,24,view
6,47,click
6,24,purchase
6,33,purchase
6,25,click
6,11,click
6,11,view
6,24,view
6,19,view
6,17,click
7,43,view
7,28,view
7,47,click
7,24,view
7,66,view
7,47,click
7,1,click
7,55,view
8,28,view
8,33,view
8,23,view
8,54,view
8,57,purchase
8,79,view
8,8,view
9,2,view
9,10,purchase
9,8,view
9,58,view
9,60,click
9,34,purchase
9,60,view
10,13,view
10,39,purchase
10,37,click
10,13,view
10,3,view
10,3,purchase
10,16,purchase
10,44,view
10,78,click
10,53,click
11,28,view
11,79,view
11,42,view
11,1,view
11,33,click
11,10,click
11,36,purchase
11,38,view
11,25,view
11,33,view
11,70,view
11,38,view
11,5,view
11,52,view
12,54,view
12,10,view
12,8,click
12,38,view
12,54,view
12,79,purchase
12,40,click
12,69,view
12,79,purchase
12,79,purchase
12,54,purchase
12,5,purchase
12,29,view
12,22,view
12,48,click
12,71,view
12,76,view
12,5,click
12,64,purchase
12,54,view
12,52,view
12,33,view
12,27,view
12,50,click
12,9,click
13,75,view
13,35,view
13,48,purchase
13,0,click
13,48,view
13,75,click
14,64,click
14,70,view
14,7,click
14,64,view
14,57,view
14,41,view
14,35,purchase
14,59,view
14,75,purchase
14,7,view
14,64,click
14,0,click
14,63,view
14,63,view
14,7,view
14,59,click
14,41,view
14,37,view
14,63,click
14,75,view
14,63,view
15,23,view
15,21,click
15,16,view
15,54,view
15,51,purchase
15,6,view
15,52,click
15,12,view
15,53,view
15,39,view
15,21,view
15,18,view
15,32,view
16,24,purchase
16,63,purchase
16,34,click
16,47,view
16,17,view
16,34,view
16,67,purchase
16,1,click
16,66,purchase
16,31,view
16,63,view
16,34,view
16,47,view
16,24,click
16,43,click
16,2,view
16,66,click
16,62,view
16,47,click
16,31,view
16,17,purchase
16,13,click
16,67,view
16,17,view
16,1,view
17,65,click
17,11,view
17,47,purchase
17,31,view
17,0,view
17,43,view
17,31,click
17,47,view
17,37,view
17,24,click
17,53,view
17,65,click
17,29,click
17,34,click
17,37,view
17,31,purchase
17,43,view
17,24,view
17,31,view
17,55,click
17,24,click
17,65,view
17,18,click
17,1,purchase
17,1,view
18,66,view
18,11,view
18,17,purchase
18,1,view
18,37,view
18,56,view
18,11,view
18,37,view
18,67,view
18,67,view
18,55,view
18,43,view
18,43,view
18,66,click
18,37,view
18,51,view
18,43,view
19,6,purchase
19,21,view
19,78,view
19,26,view
19,77,view
19,18,view
19,44,click
19,55,click
19,49,view
19,23,view
19,26,view
19,77,view
19,32,view
20,1,click
20,34,view
20,13,view
20,11,view
20,43,click
20,17,click
20,65,view
20,67,view
20,37,view
20,31,view
20,31,view
20,17,view
20,31,purchase
20,11,click
20,24,purchase
20,65,view
20,1,view
20,24,click
21,29,view
21,73,purchase
21,7,view
21,35,click
21,75,view
21,73,purchase
22,59,view
22,48,view
22,75,view
22,41,click
22,35,purchase
22,41,view
22,70,click
22,7,click
22,35,purchase
22,35,click
22,63,view
23,39,purchase
23,53,click
23,59,view
23,63,view
23,55,view
23,7,click
23,59,click
23,16,view
23,35,click
23,73,view
23,35,view
23,35,purchase
23,7,view
23,41,view
23,0,click
23,73,click
23,73,view
23,41,purchase
24,60,view
24,2,click
24,20,click
24,15,view
24,24,view
24,4,view
24,62,click
24,72,view
24,29,purchase
24,56,view
24,58,view
24,62,click
24,58,purchase
24,58,view
24,51,view
24,36,click
24,58,purchase
24,2,view
24,14,view
24,65,view
24,60,click
24,15,view
24,78,view
24,58,view
25,34,purchase
25,20,view
25,35,click
25,47,click
25,31,purchase
25,34,view
25,17,click
25,31,view
25,21,view
25,47,view
25,34,click
25,55,view
26,63,view
26,59,purchase
26,59,view
26,35,purchase
26,0,view
26,32,view
26,73,view
26,0,view
26,73,click
26,59,view
26,41,purchase
26,0,view
26,59,view
26,59,purchase
26,73,view
26,41,view
26,64,view
26,41,view
26,7,view
26,34,click
26,1,view
26,70,view
27,69,purchase
27,28,view
27,5,view
27,45,view
27,8,view
27,57,view
27,27,purchase
27,54,click
27,22,purchase
27,38,view
27,61,purchase
27,46,click
27,71,click
27,19,view
27,8,view
27,79,view
27,33,purchase
27,76,purchase
27,37,view
27,54,view
27,28,view
27,41,view
27,42,purchase
27,71,purchase
27,54,view
28,29,purchase
28,27,click
28,6,purchase
28,18,view
28,9,purchase
28,44,view
28,3,view
28,78,view
28,4,view
28,46,view
28,68,view
28,49,view
28,16,view
28,78,view
28,36,click
28,9,view
28,26,click
28,30,view
29,59,view
29,77,purchase
29,48,purchase
29,63,view
29,7,view
29,0,purchase
30,10,purchase
30,21,click
30,27,view
30,6,view
30,19,click
30,25,click
30,54,view
30,25,view
30,29,click
30,71,view
30,79,purchase
31,9,click
31,11,click
31,3,view
31,21,click
31,64,view
31,78,view
31,16,purchase
31,77,view
31,26,purchase
31,44,purchase
31,13,click
31,21,purchase
31,26,click
31,18,purchase
31,23,purchase
31,12,view
31,77,purchase
31,18,view
31,33,view
31,9,view
31,12,view
31,39,view
31,78,view
31,32,click
31,32,click
32,37,click
32,31,purchase
32,1,view
32,55,purchase
32,65,click
32,74,view
32,65,view
32,34,view
32,11,click
32,37,view
32,37,click
32,55,click
32,65,view
32,41,view
32,43,view
32,47,view
32,67,view
32,11,purchase
32,24,click
32,65,view
32,37,click
33,67,view
33,55,view
33,31,view
33,1,view
33,37,view
33,11,view
33,37,purchase
33,50,click
33,17,view
33,24,click
34,18,view
34,46,click
34,70,view
34,60,view
34,29,view
34,76,view
34,23,click
34,33,view
34,38,view
34,46,purchase
34,76,view
34,38,click
35,41,view
35,30,purchase
35,3,view
35,37,view
35,68,view
35,23,click
35,12,view
36,74,purchase
36,11,purchase
36,38,view
36,20,purchase
36,58,view
36,29,click
36,15,click
36,2,click
36,15,click
36,15,purchase
36,74,view
36,36,click
36,58,view
36,47,click
36,72,view
36,36,view
36,2,view
36,12,purchase
36,15,view
36,56,view
36,72,view
36,60,purchase
37,37,view
37,31,view
37,43,click
37,31,purchase
37,24,click
37,42,view
37,31,view
37,65,view
37,5,click
37,37,purchase
37,37,view
37,1,view
37,60,purchase
37,7,purchase
38,22,purchase
38,10,view
38,71,click
38,25,view
38,8,click
38,1,view
38,17,view
38,33,view
38,8,view
38,61,purchase
38,6,click
38,8,view
38,53,purchase
38,45,click
38,76,click
38,76,view
38,46,purchase
38,71,click
38,22,view
38,5,view
38,11,view
38,16,click
38,61,view
38,25,view
39,7,view
39,64,click
39,48,view
39,0,view
39,75,purchase
39,48,view
39,35,click
39,59,view
39,56,click
40,14,view
40,20,click
40,67,click
40,72,view
40,1,purchase
40,76,view
40,1,view
40,31,purchase
40,24,click
41,20,click
41,2,view
41,56,view
41,2,view
41,73,view
41,60,click
41,14,purchase
41,56,view
41,29,view
41,72,click
41,20,view
41,2,click
41,14,purchase
41,8,view
41,60,view
41,66,view
41,62,view
42,17,view
42,55,view
42,47,view
42,43,view
42,47,click
42,19,view
42,34,view
42,1,view
42,55,click
42,24,view
42,35,click
43,77,view
43,4,view
43,13,click
43,4,view
43,44,click
43,8,purchase
43,9,view
43,68,view
43,51,click
43,13,view
43,28,view
43,21,view
43,53,view
43,6,view
43,61,view
43,26,view
43,38,purchase
43,78,view
43,30,view
44,56,view
44,15,view
44,20,view
44,20,view
44,47,view
44,12,click
44,9,click
44,41,view
45,15,view
45,2,view
45,60,view
45,15,view
45,20,view
45,62,view
45,15,view
45,36,click
46,60,view
46,72,view
46,29,view
46,20,view
46,29,view
46,12,click
46,15,view
46,37,view
47,43,purchase
47,3,purchase
47,30,click
47,39,view
47,13,view
47,66,view
47,16,purchase
47,6,purchase
47,21,view
47,77,view
47,16,view
47,51,click
47,7,purchase
47,42,view
47,63,view
47,49,view
47,34,view
47,30,view
47,30,purchase
48,50,purchase
48,42,view
48,41,click
48,8,view
48,63,click
49,57,view
49,10,view
49,25,view
49,57,view
49,79,view
50,73,click
50,64,view
50,7,view
50,7,click
50,70,view
51,12,purchase
51,18,view
51,44,click
51,3,click
51,77,purchase
51,32,view
51,43,click
51,26,click
52,71,view
52,22,view
52,46,view
52,54,view
52,46,view
52,5,view
52,45,click
52,8,view
52,79,view
52,79,view
52,8,purchase
52,19,purchase
52,28,view
52,38,view
52,19,view
53,10,click
53,22,click
53,22,view
53,73,view
53,10,purchase
53,50,purchase
53,28,click
53,79,view
53,57,view
53,52,view
53,40,view
53,57,click
53,50,view
53,20,view
53,40,click
53,27,view
53,5,view
53,69,view
53,8,purchase
53,50,view
53,19,purchase
54,65,view
54,24,purchase
54,31,purchase
54,66,click
54,65,view
54,11,view
54,47,purchase
54,37,purchase
54,67,view
55,50,click
55,42,view
55,54,purchase
55,71,view
55,52,click
55,25,purchase
55,22,click
55,61,view
55,40,view
55,77,view
55,26,click
55,1,view
55,61,click
55,57,view
55,46,purchase
55,55,click
55,8,purchase
55,50,view
55,54,view
55,42,purchase
55,57,purchase
55,27,click
55,50,purchase
55,75,view
56,40,view
56,39,purchase
56,71,view
56,54,click
56,54,view
56,26,purchase
56,52,view
57,9,view
57,78,view
57,3,view
57,53,view
57,50,view
57,3,view
57,53,purchase
57,78,purchase
57,12,purchase
57,77,view
57,51,purchase
57,9,view
57,51,click
57,78,click
57,7,view
57,68,view
57,18,view
57,4,view
57,68,view
57,44,purchase
57,4,view
57,74,view
57,77,view
57,4,view
57,22,view
58,77,view
58,63,view
58,32,purchase
58,23,click
58,62,view
58,31,view
58,30,click
58,23,click
58,9,view
58,32,view
58,6,view
58,30,purchase
58,16,click
58,18,click
58,3,view
58,30,view
58,21,purchase
58,16,purchase
58,18,view
59,63,click
59,73,view
59,64,purchase
59,64,view
59,33,purchase
59,75,view
59,63,purchase
59,35,view
59,7,purchase
59,49,view
59,73,view
59,63,view
59,41,view
59,7,view
59,59,purchase
59,24,view
60,35,click
60,63,click
60,16,view
60,59,view
60,3,click
60,63,view
60,12,view
61,73,view
61,0,click
61,35,click
61,48,view
61,0,purchase
61,75,view
61,41,purchase
61,70,view
62,2,view
62,36,view
62,74,purchase
62,20,view
62,36,view
62,44,view
62,74,click
62,78,view
62,14,view
62,54,click
62,64,click
62,72,view
62,60,view
62,20,view
62,71,view
62,15,view
62,20,view
62,36,click
62,72,view
62,72,click
62,20,view
62,74,click
62,72,view
63,18,purchase
63,59,view
63,35,view
63,64,click
63,14,view
63,64,view
63,48,view
63,48,click
63,20,view
64,29,view
64,2,view
64,58,view
64,36,purchase
64,72,click
64,62,view
64,41,view
64,14,view
64,74,view
64,14,view
64,2,click
64,37,view
64,72,purchase
64,21,view
64,39,purchase
64,15,view
64,36,view
64,36,view
64,2,view
65,51,view
65,63,click
65,25,view
65,71,view
65,28,view
65,71,click
65,8,click
65,27,view
65,69,purchase
65,38,view
65,54,click
65,8,click
65,25,view
65,5,click
65,44,purchase
65,10,purchase
65,50,click
65,19,click
65,79,view
65,7,view
65,38,purchase
65,42,click
65,22,view
65,67,view
65,28,click
66,30,purchase
66,39,view
66,68,click
66,9,view
66,16,purchase
66,18,view
66,16,purchase
66,49,view
66,18,purchase
67,61,purchase
67,46,view
67,17,purchase
67,79,view
67,54,view
67,76,click
67,27,purchase
67,10,view
68,41,view
68,0,purchase
68,58,view
68,35,click
68,11,purchase
68,25,purchase
68,59,view
68,59,view
68,15,view
68,70,view
68,0,purchase
68,59,purchase
68,73,view
68,75,view
68,41,click
68,73,click
68,0,click
68,48,view
68,48,click
68,75,view
68,48,click
68,59,view
68,64,view
68,4,view
69,76,click
69,20,click
69,55,purchase
69,34,purchase
69,17,purchase
69,24,view
69,59,view
69,37,view
69,34,purchase
69,24,view
69,55,view
69,66,view
69,31,view
69,31,view
69,47,purchase
69,4,purchase
69,12,view
69,73,view
69,31,view
69,18,view
69,67,view
69,47,view
69,47,click
69,66,view
70,41,view
70,19,view
70,75,click
70,63,purchase
70,21,purchase
70,48,view
70,73,purchase
70,59,view
70,74,view
70,48,purchase
70,64,view
70,54,view
70,40,view
70,48,purchase
70,35,view
70,0,view
70,64,view
70,36,purchase
70,41,view
70,35,purchase
71,68,view
71,3,view
71,78,view
71,3,view
71,3,click
71,26,view
71,39,view
72,49,purchase
72,44,view
72,26,purchase
72,26,view
72,26,view
72,12,view
72,6,view
72,54,view
72,68,purchase
72,77,purchase
72,77,view
72,61,view
72,39,purchase
72,58,purchase
72,51,purchase
72,16,view
72,49,view
72,30,view
72,29,click
72,11,view
72,9,view
72,16,purchase
72,33,purchase
72,12,view
72,20,purchase
73,31,click
73,63,view
73,30,click
73,26,view
73,3,view
73,51,view
73,68,click
73,32,view
73,3,view
73,18,view
73,26,click
73,23,click
73,68,view
73,21,view
73,36,view
73,49,view
74,55,click
74,1,view
74,46,view
74,56,view
74,17,view
74,67,view
74,1,view
74,19,purchase
74,11,view
74,37,view
74,65,click
74,4,purchase
74,67,view
74,47,purchase
74,37,view
75,40,view
75,15,click
75,67,click
75,18,purchase
75,53,purchase
75,67,view
76,20,view
76,29,view
76,29,view
76,25,purchase
76,60,view
76,36,view
76,60,view
77,79,view
77,40,purchase
77,22,click
77,52,view
77,0,view
77,33,purchase
77,28,view
77,10,purchase
77,6,click
77,40,click
77,40,click
77,0,click
77,52,purchase
77,57,click
77,71,click
78,70,view
78,75,view
78,70,view
78,33,view
78,60,view
78,64,purchase
78,35,view
79,54,view
79,30,view
79,76,click
79,71,view
79,42,click
79,22,view
79,42,view
79,54,purchase
79,76,view
79,38,click
79,50,click
79,25,purchase
79,76,view
79,54,view
79,54,view
79,32,view
80,33,view
80,38,purchase
80,40,view
80,50,view
80,52,view
80,46,view
80,42,view
80,45,view
80,38,click
80,69,view
80,45,purchase
81,66,purchase
81,65,view
81,11,view
81,48,click
81,43,view
81,55,click
81,55,click
81,22,view
81,43,view
81,1,view
81,37,purchase
81,65,view
81,67,click
81,15,view
81,11,purchase
81,13,click
81,67,view
81,1,view
81,43,view
81,66,click
81,17,click
81,18,view
81,47,view
81,47,view
82,45,view
82,38,purchase
82,46,view
82,28,click
82,69,view
82,22,view
82,71,view
82,62,purchase
82,40,view
82,79,purchase
82,40,view
82,46,purchase
82,4,view
83,66,view
83,75,purchase
83,66,click
83,24,view
83,65,view
83,11,purchase
83,1,purchase
83,17,click
83,66,view
83,68,view
83,66,view
83,43,view
83,11,view
83,65,view
83,43,click
83,1,view
83,43,view
83,74,view
83,66,view
84,41,view
84,29,click
84,41,click
84,48,view
84,7,view
84,35,click
84,63,view
84,59,view
84,41,purchase
84,48,click
84,64,view
84,48,view
84,70,view
85,67,view
85,31,view
85,11,view
85,17,view
85,34,view
85,24,view
85,17,view
85,38,view
85,43,view
86,76,click
86,8,view
86,19,click
86,22,click
86,42,view
86,76,view
86,76,view
86,71,click
87,7,view
87,64,view
87,7,view
87,35,purchase
87,70,view
87,41,view
87,41,view
87,68,purchase
87,7,view
88,68,view
88,18,view
88,19,view
88,54,click
88,9,view
88,9,view
89,69,purchase
89,8,view
89,40,view
89,69,view
89,43,view
89,59,purchase
89,1,view
89,52,click
89,28,view
89,76,view
89,42,view
90,42,view
90,61,view
90,67,view
90,77,view
90,65,view
90,52,view
90,34,purchase
90,43,click
90,66,view
90,59,purchase
90,37,purchase
91,75,view
91,48,view
91,73,click
91,64,purchase
91,6,click
91,63,view
91,51,view
91,75,view
91,63,view
91,64,purchase
91,7,click
91,73,view
91,59,purchase
91,59,click
91,79,view
91,7,view
91,64,click
91,41,view
91,75,view
91,35,click
91,35,view
91,59,purchase
91,50,view
92,64,purchase
92,15,click
92,2,view
92,20,click
92,72,view
92,72,view
92,65,click
92,29,click
92,62,view
92,29,view
92,74,click
92,7,click
92,74,view
92,72,view
92,58,view
93,50,view
93,61,view
93,33,view
93,61,purchase
93,45,view
93,71,view
93,28,view
93,3,click
93,46,view
94,46,view
94,62,click
94,68,view
94,25,purchase
94,7,view
94,60,view
94,2,purchase
94,56,view
94,23,view
94,58,view
94,58,click
94,29,view
94,56,click
94,20,purchase
94,56,view
94,40,view
94,60,click
94,72,click
94,35,click
94,56,purchase
95,64,view
95,73,view
95,59,view
95,8,purchase
95,73,click
95,14,view
95,35,view
95,50,view
95,64,view
95,35,view
95,70,click
95,48,view
95,75,view
95,8,purchase
95,73,view
95,63,view
95,48,view
95,75,view
95,48,view
95,75,click
95,16,click
95,48,view
95,77,purchase
95,41,view
95,59,purchase
96,51,view
96,26,view
96,78,view
96,51,view
96,75,purchase
96,4,view
96,44,view
96,23,view
96,67,purchase
96,53,view
96,68,purchase
96,18,view
96,51,view
96,6,view
96,68,view
96,51,purchase
97,2,view
97,42,view
97,58,purchase
97,58,purchase
97,36,purchase
97,56,view
97,20,view
97,60,view
97,20,view
97,25,purchase
97,37,view
97,78,view
98,3,purchase
98,30,view
98,26,view
98,4,view
98,39,view
98,58,view
98,12,view
98,60,click
98,43,view
98,12,view
98,21,purchase
98,30,view
98,16,view
98,66,click
98,49,view
98,55,view
99,66,purchase
99,1,view
99,11,click
99,26,purchase
99,11,view
100,64,click
100,26,view
100,59,click
100,12,purchase
100,25,click
100,73,click
100,72,view
100,21,click
100,41,click
100,64,purchase
100,64,purchase
100,41,view
100,73,view
100,75,view
100,41,view
100,0,click
100,41,view
100,73,click
100,35,click
100,7,view
100,70,view
100,59,view
100,63,view
100,0,purchase
101,77,purchase
101,68,view
101,53,purchase
101,32,view
101,16,view
101,51,click
101,78,view
101,9,purchase
101,69,purchase
101,9,view
101,9,view
101,23,view
101,18,click
101,26,view
101,6,view
101,77,view
101,44,click
101,73,view
101,10,view
101,3,view
101,55,view
102,56,view
102,31,view
102,3,view
102,17,click
102,65,click
102,41,view
102,1,click
102,34,view
102,34,view
102,67,view
102,10,purchase
102,1,view
102,34,view
102,11,click
102,47,view
102,47,view
102,52,purchase
102,65,view
102,24,view
102,1,view
102,11,view
102,55,view
102,66,view
102,31,view
103,41,view
103,75,purchase
103,7,purchase
103,63,view
103,7,purchase
104,12,purchase
104,49,purchase
104,21,click
104,9,view
104,39,view
104,9,click
104,16,view
105,20,view
105,29,purchase
105,20,view
105,20,purchase
105,29,view
105,58,view
105,7,click
105,14,purchase
105,2,view
105,29,view
105,45,view
105,15,view
106,35,purchase
106,41,view
106,63,view
106,41,view
106,46,view
106,64,view
106,6,view
106,59,view
106,64,click
106,7,click
106,64,view
106,64,click
106,29,click
107,14,view
107,58,view
107,71,view
107,20,click
107,62,purchase
107,48,view
108,18,purchase
108,26,view
108,49,view
108,44,view
108,44,view
108,21,view
108,49,click
108,51,view
108,51,view
108,4,purchase
108,49,purchase
108,30,view
108,26,view
108,47,view
108,3,purchase
108,6,click
108,4,view
108,12,view
109,7,click
109,35,view
109,64,view
109,59,purchase
109,62,view
109,41,view
109,25,view
109,58,view
109,59,view
109,59,click
109,0,purchase
109,35,view
109,0,view
109,48,purchase
109,70,purchase
110,60,view
110,56,view
110,66,view
110,2,view
110,15,view
110,58,click
110,62,view
110,34,click
110,56,view
111,13,view
111,51,click
111,65,purchase
111,18,click
111,68,view
111,71,view
111,68,view
111,13,view
111,39,view
111,32,view
111,4,purchase
111,16,view
111,1,click
111,78,view
112,29,click
112,20,purchase
112,15,view
112,74,view
112,58,view
112,20,view
112,14,view
112,56,purchase
112,14,click
112,36,purchase
112,36,click
112,58,view
112,15,click
112,72,view
112,26,view
113,38,view
113,10,purchase
113,76,purchase
113,5,purchase
113,57,view
113,5,view
113,28,view
113,25,view
113,30,view
113,10,view
113,19,click
114,59,view
114,64,view
114,7,view
114,7,view
114,48,view
114,42,view
114,35,view
115,19,click
115,79,view
115,10,click
115,61,view
115,79,click
115,29,purchase
115,76,click
115,22,view
115,61,view
115,71,click
115,33,purchase
115,57,view
115,5,view
115,28,purchase
115,71,click
115,25,view
115,33,view
115,28,click
115,39,click
115,38,view
115,40,view
115,40,purchase
116,65,view
116,24,view
116,47,purchase
116,60,purchase
116,11,view
116,55,click
116,11,view
116,65,view
116,43,click
117,59,purchase
117,64,view
117,48,view
117,70,view
117,75,purchase
117,75,view
117,43,click
117,35,click
117,0,view
117,75,view
117,7,view
117,70,purchase
117,21,view
117,63,view
117,41,click
117,14,view
117,63,click
117,35,purchase
117,59,click
117,35,view
117,62,view
117,65,view
118,43,view
118,78,view
118,66,view
118,65,click
118,1,view
119,33,purchase
119,8,view
119,40,view
119,38,view
119,45,click
119,28,view
119,52,purchase
119,31,view
119,21,view
119,32,purchase
119,45,click
119,17,view
119,40,view
119,25,view
119,17,purchase
119,8,purchase
120,58,view
120,36,view
120,14,view
120,3,view
120,62,view
120,2,view
120,51,view
120,48,view
120,62,click
120,36,view
120,36,purchase
120,76,purchase
120,66,view
120,56,view
120,29,view
121,65,view
121,55,view
121,55,click
121,17,click
121,23,purchase
121,47,view
121,67,purchase
121,28,view
121,55,view
121,66,view
121,25,view
121,34,purchase
121,17,click
121,47,view
121,17,purchase
121,71,view
122,70,view
122,46,view
122,26,purchase
122,47,view
122,17,purchase
123,43,view
123,55,view
123,24,click
123,65,click
123,67,view
123,21,view
123,24,purchase
123,29,purchase
123,24,purchase
124,16,view
124,54,purchase
124,3,click
124,8,purchase
124,12,view
124,78,view
124,43,click
124,31,view
124,39,view
124,23,view
124,16,click
124,16,purchase
124,51,view
124,49,click
124,75,click
124,21,click
124,49,purchase
124,51,view
124,30,click
125,39,view
125,32,view
125,68,purchase
125,49,view
125,32,click
125,13,purchase
125,3,view
125,32,view
125,18,view
125,20,purchase
125,78,view
125,12,view
125,49,click
125,30,purchase
125,44,purchase
125,26,click
125,21,click
126,33,view
126,45,view
126,71,purchase
126,40,view
126,20,click
126,27,view
126,22,view
126,28,view
126,19,view
126,70,purchase
126,11,view
126,27,view
126,45,click
126,79,view
126,38,view
126,25,view
126,40,view
126,25,view
126,69,view
126,27,view
126,46,view
126,33,click
126,5,view
126,22,view
127,4,click
127,68,view
127,3,purchase
127,32,purchase
127,6,purchase
127,49,view
127,13,view
127,51,view
127,46,click
127,16,purchase
127,39,view
127,74,purchase
127,32,view
127,16,purchase
127,74,view
127,53,view
127,43,view
127,53,click
127,10,click
128,6,purchase
128,23,purchase
128,3,view
128,12,view
128,9,purchase
128,56,view
128,44,view
128,49,view
128,78,view
129,70,purchase
129,54,purchase
129,75,view
129,59,click
129,64,view
129,35,view
129,70,view
129,63,view
129,70,view
129,0,view
129,0,view
129,64,view
129,59,purchase
129,35,view
129,70,view
129,35,view
130,2,view
130,62,view
130,8,click
130,58,view
130,58,view
130,74,click
130,58,click
130,25,view
130,72,view
130,56,view
130,60,click
130,29,purchase
131,73,view
131,7,view
131,7,view
131,48,view
131,70,view
131,0,view
131,7,view
131,59,purchase
132,25,purchase
132,22,view
132,41,view
132,41,purchase
132,0,view
132,41,purchase
132,7,view
132,75,view
132,24,purchase
132,0,view
132,63,view
132,40,purchase
132,70,click
132,73,purchase
132,1,purchase
132,35,view
132,7,view
132,70,view
132,63,click
132,3,view
133,33,purchase
133,42,view
133,6,click
133,71,click
133,42,purchase
133,42,view
133,25,view
133,19,purchase
133,15,view
133,61,purchase
133,52,click
133,5,view
133,22,view
133,0,view
133,45,view
133,61,purchase
133,40,click
133,28,view
134,2,purchase
134,25,view
134,36,view
134,14,click
134,9,purchase
134,57,view
134,15,view
134,14,purchase
134,15,purchase
134,14,view
134,7,view
134,36,view
134,74,view
134,15,view
134,56,view
134,14,view
134,0,view
134,14,view
134,60,view
134,42,view
134,72,view
135,66,click
135,11,view
135,24,view
135,12,click
135,43,view
135,65,click
136,61,click
136,10,click
136,76,view
136,61,view
136,9,view
136,30,view
136,33,view
136,42,click
136,33,view
136,56,view
136,10,purchase
136,28,view
136,33,view
136,45,view
136,5,view
136,42,view
136,75,view
136,71,purchase
136,71,purchase
137,27,click
137,22,view
137,57,purchase
137,79,view
137,22,purchase
137,46,purchase
137,57,view
137,71,click
137,66,click
137,54,purchase
137,38,view
138,61,view
138,20,click
138,39,click
138,36,view
138,55,view
138,74,view
139,59,click
139,73,purchase
139,39,view
139,64,view
139,35,click
139,41,view
139,5,view
139,53,click
139,35,view
139,75,view
139,59,view
139,75,view
139,35,view
139,41,view
139,47,purchase
139,48,click
139,73,view
139,50,click
139,0,view
139,59,view
139,0,purchase
139,41,view
140,38,view
140,28,view
140,61,view
140,61,view
140,69,view
140,19,view
140,38,click
140,1,view
140,45,view
140,46,view
140,28,click
140,54,purchase
140,34,click
140,61,click
140,6,click
140,69,purchase
140,69,click
140,45,view
140,13,view
140,56,view
140,27,view
140,10,view
140,46,click
141,79,view
141,79,view
141,54,click
141,38,purchase
141,45,view
141,77,purchase
141,33,view
141,79,view
141,46,purchase
141,22,view
141,19,view
141,5,view
141,5,view
141,25,purchase
141,45,view
141,79,click
141,42,view
141,28,view
141,76,view
142,20,purchase
142,72,view
142,29,purchase
142,62,view
142,36,view
142,15,click
142,14,view
142,29,view
142,62,purchase
142,56,view
142,36,click
142,15,view
142,14,view
142,2,purchase
142,65,view
142,14,view
142,66,view
142,20,click
142,74,click
142,15,view
142,72,view
142,15,view
143,2,purchase
143,0,view
143,75,view
143,7,view
143,56,purchase
143,35,purchase
143,7,view
144,65,purchase
144,55,view
144,47,click
144,67,click
144,28,view
144,47,view
144,31,click
144,11,view
144,67,view
144,34,purchase
144,55,view
144,17,view
144,65,click
144,67,view
145,60,view
145,25,view
145,14,view
145,72,view
145,56,purchase
145,20,view
145,2,view
145,15,purchase
145,62,view
145,15,view
146,55,click
146,9,view
146,51,view
146,78,click
146,12,view
146,68,view
146,68,purchase
146,78,purchase
146,9,view
146,25,click
146,78,purchase
146,39,view
146,39,purchase
146,68,view
146,30,view
146,6,view
146,12,view
146,9,view
147,27,view
147,10,view
147,33,view
147,50,view
147,46,view
147,1,view
148,64,view
148,26,view
148,63,click
148,70,click
148,63,view
148,70,click
148,73,purchase
148,60,view
149,52,view
149,47,view
149,55,view
149,65,view
149,34,click
149,1,view
149,65,view
149,60,view
149,55,view
149,37,view
149,1,click
149,34,purchase
149,34,view
149,65,view
149,67,view
149,47,view
149,66,view
149,38,view
150,75,purchase
150,7,view
150,48,click
150,49,view
150,41,click
150,41,click
150,63,click
150,70,view
150,75,view
150,48,view
151,55,view
151,55,purchase
151,17,view
151,30,view
151,37,view
151,43,view
151,56,view
151,67,view
151,47,view
151,46,view
151,11,view
151,47,view
151,11,purchase
151,47,view
151,37,click
151,24,view
151,6,purchase
151,11,purchase
151,52,view
152,12,click
152,79,view
152,33,click
152,61,click
152,50,purchase
152,57,view
153,54,click
153,42,view
153,54,view
153,42,view
153,54,view
153,69,view
153,59,view
154,57,view
154,71,view
154,79,view
154,79,purchase
154,51,click
154,71,view
154,19,view
154,71,purchase
154,8,view
154,50,click
154,27,view
155,76,purchase
155,45,view
155,22,purchase
155,71,click
155,10,view
155,10,purchase
155,46,view
155,58,click
155,69,view
155,23,purchase
155,25,view
155,61,purchase
155,40,view
155,22,purchase
155,40,view
155,33,view
155,5,click
155,50,view
155,71,click
155,12,view
155,28,view
155,50,click
155,54,view
155,38,view
155,47,purchase
156,75,view
156,68,click
156,32,view
156,59,view
156,13,view
156,68,view
156,16,view
156,26,view
157,8,view
157,71,view
157,46,purchase
157,50,click
157,40,view
157,25,view
157,76,view
157,27,click
157,27,view
157,57,click
157,22,view
157,10,view
157,5,click
157,54,view
157,22,view
157,28,view
158,63,view
158,70,view
158,73,click
158,59,view
158,0,click
158,62,click
158,12,purchase
158,59,view
158,33,click
158,7,click
158,63,view
158,63,view
158,63,purchase
158,7,purchase
158,48,view
158,63,purchase
158,0,click
158,31,view
158,63,view
158,73,purchase
158,48,purchase
158,73,click
158,72,view
158,70,purchase
158,79,click
159,5,view
159,1,view
159,0,view
159,75,view
159,30,click
159,67,purchase
159,78,purchase
159,7,view
159,63,view
159,64,view
159,36,view
159,48,click
159,7,view
159,0,click
159,8,view
159,35,click
159,48,purchase
159,73,view
159,58,purchase
159,62,view
159,35,view
159,0,view
159,33,view
159,23,click
159,59,view
160,37,view
160,72,click
160,31,purchase
160,17,purchase
160,19,view
160,1,view
160,31,view
160,11,view
160,59,purchase
160,11,view
160,17,view
160,67,view
160,65,click
160,24,click
160,37,click
161,16,view
161,39,view
161,68,view
161,12,click
161,39,view
162,59,click
162,75,click
162,73,view
162,57,view
162,63,view
162,63,view
162,75,view
162,41,view
163,43,click
163,60,view
163,19,view
163,15,view
163,58,view
163,75,click
163,62,view
163,29,purchase
163,52,view
163,60,click
163,20,click
163,59,click
163,74,view
163,20,view
163,56,view
163,72,click
163,36,click
164,51,view
164,44,click
164,68,click
164,18,purchase
164,39,view
164,26,click
164,4,click
164,16,view
164,7,view
164,6,view
164,23,click
164,52,purchase
165,13,view
165,32,view
165,38,view
165,53,view
165,18,view
165,49,view
166,21,view
166,18,view
166,13,view
166,58,view
166,17,purchase
166,32,purchase
166,23,view
166,53,view
166,9,purchase
166,18,purchase
166,1,view
166,39,view
166,18,purchase
166,23,view
166,30,purchase
166,73,view
166,48,view
167,3,purchase
167,32,view
167,39,purchase
167,16,click
167,60,view
167,3,view
167,12,click
167,79,view
167,49,purchase
167,16,view
167,3,view
167,16,purchase
167,39,view
167,68,view
167,38,view
167,52,view
167,44,view
167,71,view
167,3,view
167,26,view
167,33,view
167,78,view
167,51,view
168,65,view
168,47,view
168,11,purchase
168,63,view
168,47,view
168,55,view
168,43,click
168,17,view
168,77,view
168,24,view
168,66,purchase
169,43,view
169,47,view
169,65,view
169,43,view
169,34,view
169,34,view
169,47,purchase
169,12,purchase
169,37,view
170,59,click
170,64,view
170,26,view
170,64,click
170,70,purchase
170,15,click
170,28,purchase
170,43,view
170,70,view
170,7,click
170,70,view
171,64,click
171,59,view
171,3,view
171,7,view
171,74,click
171,7,view
171,0,purchase
171,70,click
171,73,view
171,0,click
171,34,purchase
171,35,click
171,26,view
171,75,purchase
171,64,click
171,0,click
171,0,purchase
171,13,click
171,5,click
171,64,click
171,70,click
171,16,purchase
171,53,view
171,41,view
171,75,view
172,65,purchase
172,54,view
172,10,view
172,28,view
172,25,view
172,52,click
172,27,click
172,71,view
173,43,click
173,34,purchase
173,42,view
173,43,view
173,66,view
173,67,purchase
173,17,view
173,55,view
173,67,click
173,17,view
173,37,view
173,47,purchase
173,37,view
173,34,view
173,11,click
173,66,view
173,43,view
173,34,view
173,1,view
173,36,click
173,1,view
173,30,click
174,7,view
174,59,view
174,64,view
174,54,view
174,64,purchase
174,73,view
174,73,view
174,41,purchase
174,15,purchase
174,59,view
174,59,view
174,35,purchase
174,7,view
174,2,view
174,73,view
174,59,view
174,59,purchase
174,48,purchase
174,70,view
174,73,view
175,74,click
175,62,view
175,58,view
175,42,view
175,29,click
175,50,view
175,6,click
175,32,view
175,67,view
176,17,view
176,46,click
176,55,view
176,65,view
176,69,view
176,66,click
176,31,view
176,31,purchase
176,55,view
176,35,view
176,66,view
176,55,view
176,1,view
176,47,view
176,74,click
176,43,purchase
176,43,click
177,9,click
177,30,purchase
177,9,view
177,77,view
177,21,purchase
177,4,view
177,30,purchase
177,39,view
177,31,view
177,66,purchase
177,68,view
177,3,view
177,51,click
177,39,purchase
178,14,view
178,15,view
178,15,view
178,74,view
178,15,click
178,60,view
178,15,click
178,56,view
178,56,view
178,60,view
179,11,purchase
179,58,view
179,68,purchase
179,73,view
179,62,view
179,36,view
179,2,purchase
179,15,click
179,33,view
179,74,view
179,36,view
179,15,click
179,2,view
179,74,purchase
179,36,view
179,74,purchase
180,71,purchase
180,29,view
180,39,view
180,72,click
180,60,view
180,60,view
180,60,purchase
180,20,view
180,72,click
180,74,view
180,6,view
180,20,view
180,15,view
180,73,click
180,35,view
180,29,view
181,64,view
181,35,purchase
181,73,purchase
181,67,view
181,0,click
181,70,view
181,64,click
181,0,click
181,7,click
181,73,click
181,48,click
181,64,purchase
181,71,click
181,70,purchase
181,64,view
181,9,click
181,59,view
181,75,view
181,28,view
181,0,click
181,0,view
181,48,purchase
182,74,purchase
182,74,view
182,58,view
182,14,click
182,41,view
182,60,view
182,62,view
182,36,purchase
182,14,view
182,36,view
182,14,view
182,74,view
182,18,view
182,2,purchase
182,8,click
182,74,view
182,64,view
182,20,click
182,36,view
182,14,purchase
182,60,view
182,60,click
182,32,view
182,2,view
183,73,view
183,70,click
183,59,view
183,48,view
183,7,click
184,68,view
184,43,click
184,29,click
184,62,view
184,2,purchase
184,62,view
184,58,view
184,56,purchase
184,20,view
184,74,purchase
184,29,click
184,22,view
185,40,view
185,21,view
185,9,click
185,6,view
185,18,view
185,9,view
185,49,view
185,60,view
185,44,view
185,78,view
185,49,view
185,18,view
185,10,purchase
185,39,click
185,48,view
185,39,click
185,44,view
185,77,purchase
185,30,view
185,18,view
185,32,purchase
185,55,purchase
185,12,view
185,26,view
186,13,click
186,44,view
186,68,view
186,16,view
186,16,view
186,44,click
186,16,view
186,16,purchase
186,25,view
186,41,purchase
186,23,view
186,9,view
186,49,purchase
186,56,view
187,44,view
187,13,click
187,21,purchase
187,23,view
187,2,view
187,9,click
187,0,purchase
187,9,click
187,11,view
187,32,view
187,68,purchase
187,50,view
187,26,purchase
187,51,click
187,68,purchase
187,51,view
187,18,view
187,26,click
187,7,view
187,12,purchase
187,63,view
187,51,view
187,43,click
187,44,view
187,26,click
188,61,click
188,19,view
188,19,click
188,79,view
188,69,view
188,22,purchase
188,69,purchase
188,28,view
188,71,view
188,25,click
188,54,click
188,38,view
189,61,purchase
189,57,view
189,57,view
189,28,view
189,20,click
189,57,view
189,27,click
189,33,view
189,17,click
189,40,view
189,54,view
189,52,view
190,58,view
190,61,view
190,47,click
190,11,view
190,55,purchase
190,65,purchase
190,37,purchase
191,68,view
191,9,view
191,9,view
191,32,view
191,33,click
192,28,view
192,19,click
192,23,view
192,33,view
192,71,view
192,79,view
192,25,view
192,22,click
193,26,view
193,8,purchase
193,2,view
193,68,purchase
193,10,view
193,30,purchase
193,26,view
193,50,purchase
193,53,view
193,68,view
193,26,view
193,32,click
193,55,click
193,6,click
193,52,view
193,39,view
193,49,view
193,30,purchase
193,49,view
193,23,view
194,6,view
194,30,click
194,51,view
194,12,click
194,53,view
194,36,view
194,26,view
194,49,purchase
194,0,view
194,16,view
194,26,click
194,68,click
194,51,view
194,77,view
194,4,view
194,68,purchase
194,23,view
194,49,view
194,51,view
194,51,view
195,43,purchase
195,24,click
195,9,click
195,66,view
195,15,view
195,24,click
195,43,view
195,17,click
195,17,view
195,55,view
195,31,click
195,37,view
195,66,view
195,55,view
195,37,purchase
195,32,view
195,17,purchase
195,55,click
195,1,view
195,67,purchase
196,0,view
196,8,view
196,64,view
196,7,view
196,41,click
196,59,click
196,63,view
196,48,click
196,73,click
196,7,click
196,20,view
196,7,view
196,59,view
196,63,purchase
197,0,purchase
197,70,view
197,64,view
197,59,view
197,7,view
197,48,purchase
197,0,view
197,15,click
198,24,view
198,1,purchase
198,67,view
198,9,view
198,31,view
198,14,view
198,30,purchase
198,0,view
198,55,click
198,66,view
198,24,view
198,11,view
198,66,click
198,34,click
198,74,view
198,43,view
198,37,click
198,55,click
198,55,view
198,1,view
198,47,view
198,55,click
198,59,view
198,31,view
199,28,click
199,63,view
199,33,view
199,47,view
199,61,purchase
